Name,GENC,Year,Population,Male Population,Female Population,Annual Growth Rate,Population Density,"Median Age, Both Sexes","Median Age, Females","Median Age, Males",Total Fertility Rate,"Life Expectancy at Birth, Both Sexes","Life Expectancy at Birth, Males","Life Expectancy at Birth, Females","Infant Mortality Rate, Both Sexes","Infant Mortality Rate, Male","Infant Mortality Rate, Female"
Bahrain,BH,1995,"582,068","333,212","248,856",2.48,765.9,25.9,22.8,28,3.09,73.2,71.1,75.3,19.7,22.8,16.5
Kuwait,KW,1995,"1,664,326","961,411","702,915",5.41,93.4,26,22.4,28.1,3.1,73.4,72,74.8,11.5,12.5,10.5
Oman,OM,1995,"2,138,564","1,239,069","899,495",2.88,6.9,19.7,16,23.6,5.43,70.3,68.6,72.1,25.5,26.6,24.4
Qatar,QA,1995,"509,712","333,717","175,995",2.98,44,29,21,31.8,3.57,74.7,73.2,76.2,10.5,10.7,10.3
Saudi Arabia,SA,1995,"18,733,152","10,589,875","8,143,277",2.91,8.7,19.8,16.7,22.7,5.01,69.8,68.5,71.2,29.3,31.3,27.2
United Arab Emirates,AE,1995,"2,369,781","1,575,715","794,066",6.98,28.3,28,21.1,30.3,3.3,74.4,72.8,76,14.7,16.6,12.8
Bahrain,BH,1996,"596,466","341,249","255,217",2.41,784.8,26.2,23.2,28.2,2.99,73.5,71.4,75.6,18.9,22,15.8
Kuwait,KW,1996,"1,740,713","1,011,738","728,975",3.61,97.7,26.5,22.9,28.4,3.21,73.8,72.7,75,12,12,11.9
Oman,OM,1996,"2,199,643","1,268,939","930,704",2.76,7.1,19.7,16.3,23.4,5.13,70.5,68.8,72.3,25.1,26.2,23.9
Qatar,QA,1996,"524,831","342,912","181,919",2.87,45.3,29.1,21.2,31.9,3.45,74.9,73.4,76.5,10.2,10.6,9.9
Saudi Arabia,SA,1996,"19,275,315","10,903,493","8,371,822",2.8,9,20,16.9,22.9,4.85,70.3,69,71.7,27.5,29.4,25.5
United Arab Emirates,AE,1996,"2,536,143","1,694,804","841,339",6.6,30.3,28.3,21.7,30.4,2.94,74.7,73.2,76.3,13.7,15.4,11.9
Bahrain,BH,1997,"610,845","349,275","261,570",2.36,803.7,26.5,23.5,28.4,2.92,73.8,71.7,76,18.2,21,15.2
Kuwait,KW,1997,"1,801,707","1,052,134","749,573",3.29,101.1,26.6,23.3,28.5,2.95,73.7,72.5,75,12,12.3,11.7
Oman,OM,1997,"2,259,698","1,298,150","961,548",2.63,7.3,19.9,16.7,23.3,4.83,70.8,69,72.6,24.4,25.6,23.2
Qatar,QA,1997,"547,595","358,047","189,548",5.56,47.3,29.2,21.6,31.9,3.31,75,73.5,76.6,10.1,10.4,9.9
Saudi Arabia,SA,1997,"19,810,208","11,199,323","8,610,885",2.68,9.2,20.3,17.3,23,4.69,70.8,69.4,72.2,25.8,27.6,23.9
United Arab Emirates,AE,1997,"2,704,660","1,816,355","888,305",6.27,32.4,28.6,22.2,30.6,2.69,75.1,73.6,76.6,12.8,14.3,11.2
Bahrain,BH,1998,"625,214","357,313","267,901",2.3,822.6,26.8,23.9,28.7,2.85,73.7,72.2,75.4,18.2,20.4,15.9
Kuwait,KW,1998,"1,859,820","1,090,137","769,683",3.07,104.4,26.7,23.6,28.5,2.77,73.6,72.3,74.9,12.2,12.5,11.9
Oman,OM,1998,"2,318,557","1,326,627","991,930",2.51,7.5,20,17.1,23.2,4.54,71,69.3,72.9,23.9,25.1,22.7
Qatar,QA,1998,"578,194","379,250","198,944",5.32,49.9,29.3,22.2,32,3.17,75.2,73.7,76.8,10,10.2,9.8
Saudi Arabia,SA,1998,"20,337,097","11,476,633","8,860,464",2.57,9.5,20.6,17.6,23.2,4.52,71.2,69.9,72.6,24.2,25.9,22.5
United Arab Emirates,AE,1998,"2,876,234","1,940,527","935,707",6.03,34.4,28.8,22.7,30.8,2.61,75.4,73.9,76.9,11.9,13.3,10.4
Bahrain,BH,1999,"639,964","365,566","274,398",2.37,842.1,27.1,24.2,28.9,2.95,74.7,73.3,76.2,16.7,18.5,14.9
Kuwait,KW,1999,"1,916,300","1,126,614","789,686",2.92,107.5,26.9,23.9,28.6,2.66,74.1,72.8,75.4,11.7,12,11.4
Oman,OM,1999,"2,376,079","1,354,315","1,021,764",2.39,7.7,20.3,17.5,23.2,4.25,71.3,69.5,73.2,23.3,24.5,22.1
Qatar,QA,1999,"608,950","400,573","208,377",5.05,52.6,29.5,22.7,32.1,2.97,75.5,73.9,77.1,9.8,10.2,9.4
Saudi Arabia,SA,1999,"20,853,053","11,733,461","9,119,592",2.44,9.7,20.9,18,23.4,4.31,71.7,70.4,73.1,22.8,24.4,21.1
United Arab Emirates,AE,1999,"3,051,363","2,067,374","983,989",5.79,36.5,29,23.1,31,2.53,75.7,74.3,77.2,11,12.3,9.7
Bahrain,BH,2000,"654,862","373,897","280,965",2.24,861.7,27.3,24.5,29.2,2.78,75,73.5,76.6,16.2,18,14.4
Kuwait,KW,2000,"1,972,225","1,162,224","810,001",2.83,110.7,27,24.2,28.7,2.63,74.4,73,75.8,11.4,11.8,10.9
Oman,OM,2000,"2,432,191","1,381,197","1,050,994",2.28,7.9,20.6,17.9,23.2,3.99,71.6,69.8,73.4,22.8,24,21.6
Qatar,QA,2000,"639,897","421,970","217,927",4.86,55.2,29.7,23.2,32.2,2.89,75.6,74.1,77.2,9.6,9.9,9.4
Saudi Arabia,SA,2000,"21,361,821","11,976,885","9,384,936",2.38,9.9,21.2,18.4,23.5,4.1,72.1,70.8,73.5,21.4,22.9,19.8
United Arab Emirates,AE,2000,"3,230,742","2,197,119","1,033,623",5.64,38.6,29.2,23.5,31.1,2.58,76,74.7,77.5,10.3,11.4,9.1
Bahrain,BH,2001,"672,088","383,443","288,645",2.95,884.3,27.6,24.9,29.4,2.62,75.4,73.3,77.5,15.8,18.2,13.4
Kuwait,KW,2001,"2,027,698","1,196,941","830,757",2.72,113.8,27.2,24.5,28.8,2.55,74.6,73.3,75.9,11.2,11.6,10.9
Oman,OM,2001,"2,486,967","1,407,334","1,079,633",2.18,8,20.9,18.4,23.3,3.74,71.8,70,73.7,22.4,23.6,21.1
Qatar,QA,2001,"671,431","443,653","227,778",4.76,58,30,23.7,32.4,2.94,75.8,74.2,77.5,9.6,9.8,9.4
Saudi Arabia,SA,2001,"21,861,634","12,212,224","9,649,410",2.25,10.2,21.5,18.9,23.7,3.89,72.3,71,73.7,20.7,22.2,19.2
United Arab Emirates,AE,2001,"3,402,348","2,319,672","1,082,676",4.74,40.7,29.4,23.8,31.2,2.52,76.2,74.8,77.6,9.9,11,8.8
Bahrain,BH,2002,"714,832","410,994","303,838",9.19,940.6,27.9,25.2,29.6,2.48,75.4,73.5,77.4,15.6,17.9,13.2
Kuwait,KW,2002,"2,083,269","1,231,221","852,048",2.69,116.9,27.4,24.8,28.9,2.57,75.1,73.8,76.4,10.7,11,10.4
Oman,OM,2002,"2,540,520","1,432,805","1,107,715",2.08,8.2,21.2,18.8,23.5,3.52,72,70.2,74,22,23.3,20.7
Qatar,QA,2002,"703,382","465,554","237,828",4.54,60.7,30.3,24.1,32.6,2.8,76,74.4,77.7,9.4,9.6,9.2
Saudi Arabia,SA,2002,"22,342,525","12,435,198","9,907,327",2.11,10.4,21.9,19.3,24,3.68,72.5,71.2,73.8,20.1,21.6,18.6
United Arab Emirates,AE,2002,"3,555,027","2,426,155","1,128,872",4.06,42.5,29.4,24,31.3,2.47,76.3,75,77.8,9.6,10.6,8.5
Bahrain,BH,2003,"781,007","455,509","325,498",8.54,"1,027.60",28.3,25.6,29.8,2.45,75.6,74,77.2,15.2,17,13.4
Kuwait,KW,2003,"2,139,782","1,265,599","874,183",2.66,120.1,27.5,25,29,2.6,75.4,74.1,76.8,10.4,10.7,10.1
Oman,OM,2003,"2,592,927","1,457,666","1,135,261",2,8.4,21.6,19.2,23.7,3.32,72.3,70.5,74.2,21.7,22.9,20.4
Qatar,QA,2003,"735,643","487,596","248,047",4.43,63.5,30.5,24.6,32.8,2.8,76.2,74.5,78,9.3,9.6,8.9
Saudi Arabia,SA,2003,"22,801,189","12,644,223","10,156,966",1.96,10.6,22.3,19.9,24.3,3.46,72.7,71.4,74,19.6,21,18.1
United Arab Emirates,AE,2003,"3,693,043","2,520,035","1,173,008",3.57,44.2,29.5,24.2,31.3,2.48,76.5,75.1,77.9,9.3,10.2,8.2
Bahrain,BH,2004,"848,126","500,538","347,588",7.97,"1,116.00",28.7,26,30.1,2.34,75.9,74.4,77.4,14.9,16.6,13.1
Kuwait,KW,2004,"2,197,249","1,300,159","897,090",2.64,123.3,27.7,25.2,29.1,2.65,75,73.7,76.4,10.8,11.1,10.4
Oman,OM,2004,"2,644,368","1,482,021","1,162,347",1.93,8.5,22,19.7,24,3.15,72.5,70.7,74.5,21.3,22.6,20
Qatar,QA,2004,"825,458","560,257","265,201",17.82,71.2,30.5,25,32.4,2.6,76.4,74.7,78.2,9.2,9.5,8.8
Saudi Arabia,SA,2004,"23,234,774","12,838,039","10,396,735",1.81,10.8,22.7,20.4,24.6,3.25,72.8,71.6,74.2,19,20.4,17.6
United Arab Emirates,AE,2004,"3,819,555","2,603,968","1,215,587",3.17,45.7,29.5,24.3,31.3,2.46,76.6,75.3,78,9,9.9,8
Bahrain,BH,2005,"915,968","545,836","370,132",7.44,"1,205.20",29,26.4,30.4,2.18,76.5,74.8,78.1,14.2,15.9,12.4
Kuwait,KW,2005,"2,256,621","1,335,275","921,346",2.69,126.6,27.8,25.4,29.2,2.78,75.9,74.1,77.9,10,10.7,9.2
Oman,OM,2005,"2,695,191","1,506,055","1,189,136",1.88,8.7,22.3,20.1,24.2,3.01,72.8,70.9,74.7,20.9,22.2,19.6
Qatar,QA,2005,"972,560","683,362","289,198",15.13,83.9,30.4,25.5,32,2.32,76.6,74.9,78.4,8.9,9.2,8.5
Saudi Arabia,SA,2005,"23,640,681","13,015,442","10,625,239",1.66,11,23.2,21,25,3.04,73,71.7,74.4,18.4,19.8,17.1
United Arab Emirates,AE,2005,"3,935,820","2,679,427","1,256,393",2.83,47.1,29.5,24.5,31.3,2.4,76.8,75.4,78.1,8.6,9.6,7.7
Bahrain,BH,2006,"984,394","591,356","393,038",6.98,"1,295.30",29.5,26.8,30.8,1.96,77.1,75.2,79,13.6,15.5,11.6
Kuwait,KW,2006,"2,316,845","1,370,249","946,596",2.58,130,28,25.5,29.3,2.8,75.4,73.5,77.5,10.5,11.3,9.6
Oman,OM,2006,"2,745,973","1,530,074","1,215,899",1.86,8.9,22.7,20.5,24.5,2.92,73,71.1,75,20.5,21.8,19.1
Qatar,QA,2006,"1,119,975","806,533","313,442",13.19,96.7,30.6,26,32,2.18,76.8,75.1,78.6,8.7,9.1,8.3
Saudi Arabia,SA,2006,"24,290,219","13,384,962","10,905,257",3.74,11.3,23.7,21.6,25.4,2.82,73.2,71.9,74.6,17.9,19.2,16.6
United Arab Emirates,AE,2006,"4,458,540","3,084,947","1,373,593",20.95,53.3,29.7,24.9,31.4,2.22,76.9,75.6,78.3,8.4,9.2,7.4
Bahrain,BH,2007,"1,053,581","637,246","416,335",6.61,"1,386.30",29.9,27.2,31.2,2,77.9,75.7,80.2,12.7,14.7,10.5
Kuwait,KW,2007,"2,375,764","1,404,153","971,611",2.45,133.3,28.1,25.6,29.4,2.77,75.7,74.2,77.3,10.1,10.6,9.7
Oman,OM,2007,"2,797,440","1,554,461","1,242,979",1.86,9,23,21,24.8,2.87,73.3,71.4,75.3,20.1,21.4,18.7
Qatar,QA,2007,"1,268,369","930,177","338,192",11.75,109.5,30.8,26.5,32.1,2.17,77,75.2,78.8,8.5,8.9,8.1
Saudi Arabia,SA,2007,"25,200,107","13,954,479","11,245,628",3.62,11.7,24.3,22.2,26,2.77,73.4,72.1,74.7,17.4,18.6,16.1
United Arab Emirates,AE,2007,"5,532,409","3,952,658","1,579,751",21.94,66.2,30.1,25.6,31.7,2.01,77,75.7,78.4,8.1,8.9,7.2
Bahrain,BH,2008,"1,107,295","671,671","435,624",3.41,"1,457.00",30.2,27.5,31.5,1.96,77.8,75.7,79.9,12.8,14.7,10.8
Kuwait,KW,2008,"2,433,178","1,436,886","996,292",2.33,136.6,28.2,25.7,29.5,2.77,75.6,74,77.3,10.2,10.7,9.6
Oman,OM,2008,"2,850,375","1,579,631","1,270,744",1.89,9.2,23.4,21.4,25,2.85,73.5,71.6,75.5,19.6,20.9,18.3
Qatar,QA,2008,"1,418,131","1,054,425","363,706",10.61,122.4,31.1,26.9,32.3,2.17,77.2,75.4,79.1,8.4,8.9,7.9
Saudi Arabia,SA,2008,"26,115,002","14,523,068","11,591,934",3.51,12.1,24.8,22.8,26.5,2.71,73.5,72.3,74.9,16.9,18.1,15.6
United Arab Emirates,AE,2008,"7,159,278","5,280,198","1,879,080",28.5,85.6,30.5,26.2,31.9,1.81,77.2,75.9,78.5,7.8,8.6,6.9
Bahrain,BH,2009,"1,144,371","693,980","450,391",3.18,"1,505.80",30.4,27.7,31.7,1.94,77.9,75.9,80,12.6,14.4,10.7
Kuwait,KW,2009,"2,489,044","1,468,402","1,020,642",2.21,139.7,28.3,25.9,29.6,2.73,76.3,75,77.7,9.6,9.9,9.3
Oman,OM,2009,"2,905,436","1,605,933","1,299,503",1.94,9.4,23.7,21.8,25.2,2.86,73.8,71.9,75.8,19.1,20.4,17.8
Qatar,QA,2009,"1,568,790","1,179,002","389,788",9.62,135.4,31.4,27.3,32.5,2.07,77.4,75.5,79.3,8.3,8.7,7.9
Saudi Arabia,SA,2009,"27,035,739","15,091,254","11,944,485",3.42,12.6,25.4,23.4,26.9,2.65,73.7,72.4,75.1,16.4,17.6,15.2
United Arab Emirates,AE,2009,"8,032,709","5,982,037","2,050,672",-3.65,96.1,30.9,26.7,32.2,1.5,77.3,76,78.6,7.5,8.3,6.7
Bahrain,BH,2010,"1,180,087","715,472","464,615",2.97,"1,552.70",30.7,27.9,32,1.91,78.1,76,80.2,12.5,14.3,10.6
Kuwait,KW,2010,"2,543,299","1,498,773","1,044,526",2.1,142.7,28.4,26.1,29.7,2.69,76.9,75.9,78.1,9.1,9.2,9
Oman,OM,2010,"2,962,837","1,633,485","1,329,352",1.98,9.6,24,22.1,25.5,2.87,74,72.1,76,18.7,20,17.3
Qatar,QA,2010,"1,719,867","1,303,726","416,141",8.8,148.4,31.8,27.7,32.8,1.98,77.5,75.7,79.4,8.1,8.6,7.6
Saudi Arabia,SA,2010,"27,962,740","15,659,334","12,303,406",3.33,13,25.9,24,27.4,2.59,73.9,72.6,75.2,15.9,17.1,14.7
United Arab Emirates,AE,2010,"8,020,877","5,942,500","2,078,377",3.36,95.9,31.3,27.1,32.6,1.57,77.4,76.1,78.8,7.2,8,6.5
Bahrain,BH,2011,"1,214,703","736,373","478,330",2.81,"1,598.30",30.9,28.1,32.2,1.88,78.2,76.1,80.4,12.1,14,10.2
Kuwait,KW,2011,"2,595,865","1,527,937","1,067,928",1.99,145.7,28.5,26.2,29.8,2.65,77.1,76,78.3,9,9.1,8.8
Oman,OM,2011,"3,022,429","1,662,218","1,360,211",2.01,9.8,24.2,22.5,25.7,2.87,74.3,72.3,76.3,18.2,19.5,16.9
Qatar,QA,2011,"1,849,788","1,411,683","438,105",5.87,159.7,32,27.9,33.1,1.96,77.7,75.8,79.7,8,8.6,7.4
Saudi Arabia,SA,2011,"28,789,008","16,163,080","12,625,928",2.51,13.4,26.4,24.5,28,2.52,74.1,72.8,75.5,15.6,16.8,14.4
United Arab Emirates,AE,2011,"8,302,211","6,130,908","2,171,303",3.53,99.3,31.8,27.6,33.1,1.59,77.6,76.3,78.9,7,7.7,6.2
Bahrain,BH,2012,"1,248,334","756,770","491,564",2.65,"1,642.50",31.1,28.4,32.5,1.86,78.3,76.2,80.5,12.1,13.9,10.2
Kuwait,KW,2012,"2,646,670","1,555,836","1,090,834",1.89,148.5,28.6,26.4,29.9,2.61,77.3,76.1,78.5,8.8,8.9,8.6
Oman,OM,2012,"3,084,018","1,692,039","1,391,979",2.03,10,24.5,22.8,25.9,2.86,74.5,72.6,76.5,17.8,19.1,16.4
Qatar,QA,2012,"1,952,262","1,497,259","455,003",4.94,168.5,32.2,27.9,33.2,1.94,77.9,76,79.9,7.8,8.3,7.3
Saudi Arabia,SA,2012,"29,493,088","16,588,867","12,904,221",2.33,13.7,27,24.9,28.7,2.44,74.3,73,75.8,15.3,16.5,14
United Arab Emirates,AE,2012,"8,606,553","6,342,579","2,263,974",3.67,102.9,32.3,28.1,33.5,1.64,77.8,76.5,79.1,6.6,7.3,5.9
Bahrain,BH,2013,"1,281,297","776,773","504,524",2.56,"1,685.90",31.4,28.6,32.8,1.83,78.5,76.3,80.7,11.9,13.8,9.9
Kuwait,KW,2013,"2,695,800","1,582,540","1,113,260",1.79,151.3,28.8,26.6,30,2.57,77.5,76.3,78.7,8.6,8.8,8.5
Oman,OM,2013,"3,147,449","1,722,873","1,424,576",2.04,10.2,24.8,23.2,26,2.86,74.8,72.8,76.8,17.4,18.7,16
Qatar,QA,2013,"2,043,293","1,572,430","470,863",4.19,176.4,32.4,28,33.4,1.93,78.1,76.1,80.1,7.8,8.4,7.2
Saudi Arabia,SA,2013,"30,162,427","16,989,167","13,173,260",2.17,14,27.5,25.3,29.3,2.36,74.6,73.2,76,14.9,16.2,13.7
United Arab Emirates,AE,2013,"8,930,981","6,575,221","2,355,760",3.73,106.8,32.8,28.5,34,1.66,77.9,76.6,79.2,6.4,7,5.7
Bahrain,BH,2014,"1,314,023","796,591","517,432",2.48,"1,729.00",31.6,28.8,33,1.81,78.6,76.4,80.8,11.7,13.6,9.8
Kuwait,KW,2014,"2,743,334","1,608,113","1,135,221",1.7,154,28.9,26.8,30.1,2.53,77.7,76.4,79,8.5,8.7,8.3
Oman,OM,2014,"3,212,578","1,754,650","1,457,928",2.05,10.4,25,23.5,26.2,2.86,75,73.1,77,17,18.3,15.7
Qatar,QA,2014,"2,124,222","1,638,451","485,771",3.59,183.3,32.6,28,33.7,1.93,78.3,76.3,80.3,7.6,8.1,7.1
Saudi Arabia,SA,2014,"30,801,971","17,368,020","13,433,951",2.03,14.3,28,25.7,29.9,2.29,74.8,73.4,76.3,14.6,15.9,13.3
United Arab Emirates,AE,2014,"9,170,474","6,720,588","2,449,886",1.59,109.7,33.2,28.9,34.4,1.66,78.1,76.8,79.4,6.1,6.7,5.4
Bahrain,BH,2015,"1,346,509","816,233","530,276",2.4,"1,771.70",31.9,29.1,33.3,1.78,78.8,76.6,81,11.6,13.4,9.7
Kuwait,KW,2015,"2,789,302","1,632,595","1,156,707",1.62,156.5,29.1,27,30.2,2.49,77.9,76.6,79.2,8.4,8.6,8.1
Oman,OM,2015,"3,279,258","1,787,300","1,491,958",2.06,10.6,25.2,23.8,26.4,2.85,75.2,73.3,77.3,16.6,17.9,15.3
Qatar,QA,2015,"2,196,122","1,696,339","499,783",3.08,189.5,32.8,28.1,33.9,1.92,78.5,76.4,80.5,7.4,8,6.8
Saudi Arabia,SA,2015,"31,415,279","17,728,517","13,686,762",1.91,14.6,28.5,26.1,30.5,2.23,75,73.6,76.5,14.3,15.6,13
United Arab Emirates,AE,2015,"9,308,415","6,762,985","2,545,430",1.4,111.3,33.6,29.2,34.9,1.64,78.2,77,79.5,5.8,6.4,5.2
Bahrain,BH,2016,"1,378,755","835,689","543,066",2.33,"1,814.20",32.1,29.3,33.5,1.76,78.9,76.7,81.2,11.4,13.2,9.5
Kuwait,KW,2016,"2,833,699","1,656,008","1,177,691",1.54,159,29.2,27.2,30.3,2.45,78,76.7,79.4,8.2,8.5,8
Oman,OM,2016,"3,347,125","1,820,637","1,526,488",2.04,10.8,25.5,24.1,26.6,2.84,75.5,73.5,77.5,16.3,17.6,15
Qatar,QA,2016,"2,259,867","1,746,934","512,933",2.65,195.1,33,28.1,34.1,1.92,78.6,76.6,80.7,7.4,8.1,6.8
Saudi Arabia,SA,2016,"32,003,091","18,072,180","13,930,911",1.8,14.9,29,26.5,31.1,2.16,75.3,73.8,76.8,14,15.3,12.7
United Arab Emirates,AE,2016,"9,432,801","6,794,368","2,638,433",1.26,112.8,34,29.5,35.3,1.7,78.4,77.1,79.7,5.7,6.3,5.1
Bahrain,BH,2017,"1,410,746","854,930","555,816",2.26,"1,856.20",32.3,29.6,33.8,1.75,79,76.8,81.3,11.2,13,9.4
Kuwait,KW,2017,"2,876,506","1,678,365","1,198,141",1.46,161.4,29.3,27.4,30.4,2.4,78.2,76.8,79.6,8.1,8.4,7.8
Oman,OM,2017,"3,415,807","1,854,470","1,561,337",2.02,11,25.7,24.4,26.8,2.82,75.7,73.7,77.8,16,17.3,14.6
Qatar,QA,2017,"2,316,205","1,790,957","525,248",2.28,199.9,33.2,28.1,34.3,1.91,78.8,76.8,80.9,7.2,7.8,6.6
Saudi Arabia,SA,2017,"32,567,388","18,400,901","14,166,487",1.7,15.1,29.5,26.8,31.6,2.11,75.5,74,77.1,13.7,15,12.4
United Arab Emirates,AE,2017,"9,543,192","6,815,420","2,727,772",1.07,114.2,34.4,29.7,35.7,1.69,78.6,77.3,79.9,5.6,6.2,5
Bahrain,BH,2018,"1,442,415","873,900","568,515",2.18,"1,897.90",32.5,29.8,34,1.73,79.2,76.9,81.5,11.1,12.9,9.2
Kuwait,KW,2018,"2,917,713","1,699,685","1,218,028",1.39,163.8,29.4,27.6,30.5,2.36,78.3,77,79.8,8,8.3,7.7
Oman,OM,2018,"3,485,106","1,888,696","1,596,410",2,11.3,25.9,24.6,27,2.8,75.9,74,78,15.7,17,14.3
Qatar,QA,2018,"2,365,810","1,829,050","536,760",1.96,204.2,33.4,28.2,34.6,1.91,79,76.9,81.1,7.1,7.7,6.5
Saudi Arabia,SA,2018,"33,119,193","18,721,060","14,398,133",1.66,15.4,29.9,27.2,32.1,2.07,75.7,74.2,77.3,13.5,14.7,12.1
United Arab Emirates,AE,2018,"9,638,206","6,826,809","2,811,397",0.91,115.3,34.7,29.9,36.2,1.68,78.8,77.5,80.2,5.5,6.1,4.9
Bahrain,BH,2019,"1,473,724","892,574","581,150",2.11,"1,939.10",32.7,30,34.2,1.71,79.3,77,81.7,10.9,12.7,9
Kuwait,KW,2019,"2,957,304","1,719,979","1,237,325",1.31,166,29.6,27.8,30.6,2.31,78.5,77.1,80,7.9,8.2,7.6
Oman,OM,2019,"3,554,839","1,923,219","1,631,620",1.97,11.5,26.2,24.9,27.1,2.78,76.2,74.2,78.2,15.4,16.7,14
Qatar,QA,2019,"2,409,287","1,861,783","547,504",1.68,207.9,33.6,28.2,34.8,1.91,79.2,77.1,81.4,7.1,7.7,6.4
Saudi Arabia,SA,2019,"33,670,051","19,039,380","14,630,671",1.64,15.7,30.3,27.5,32.5,2.02,75.9,74.4,77.6,13.2,14.5,11.8
United Arab Emirates,AE,2019,"9,720,156","6,830,744","2,889,412",0.78,116.3,35,30,36.6,1.67,79,77.7,80.4,5.4,6,4.8
Bahrain,BH,2020,"1,504,665","910,960","593,705",2.04,"1,979.80",32.9,30.3,34.4,1.69,79.5,77.2,81.8,10.8,12.6,9
Kuwait,KW,2020,"2,995,271","1,739,261","1,256,010",1.24,168.1,29.7,28,30.7,2.26,78.7,77.2,80.2,7.8,8.1,7.4
Oman,OM,2020,"3,624,823","1,957,942","1,666,881",1.93,11.7,26.4,25.2,27.3,2.76,76.4,74.4,78.4,15.1,16.4,13.7
Qatar,QA,2020,"2,447,179","1,889,665","557,514",1.44,211.2,33.8,28.2,35,1.9,79.3,77.2,81.5,7,7.6,6.3
Saudi Arabia,SA,2020,"34,223,743","19,358,570","14,865,173",1.62,15.9,30.8,27.9,33,1.99,76.2,74.6,77.8,12.9,14.2,11.5
United Arab Emirates,AE,2020,"9,792,173","6,829,988","2,962,185",0.69,117.1,35.2,30,37,1.66,79.2,77.9,80.6,5.3,5.9,4.7
Bahrain,BH,2021,"1,526,929","923,055","603,874",0.9,"2,009.10",33.1,30.5,34.5,1.68,79.7,77.4,82,10.5,12.3,8.7
Kuwait,KW,2021,"3,032,065","1,757,787","1,274,278",1.2,170.2,29.8,28.2,30.8,2.25,78.9,77.4,80.4,7.6,7.9,7.3
Oman,OM,2021,"3,694,755","1,992,711","1,702,044",1.89,11.9,26.6,25.5,27.5,2.73,76.6,74.7,78.7,14.8,16.1,13.4
Qatar,QA,2021,"2,479,995","1,913,169","566,826",1.23,214.1,33.9,28.1,35.2,1.9,79.6,77.5,81.7,6.7,7.3,6.1
Saudi Arabia,SA,2021,"34,783,757","19,681,274","15,102,483",1.62,16.2,31.2,28.3,33.4,1.95,76.4,74.8,78.1,12.6,13.9,11.2
United Arab Emirates,AE,2021,"9,856,612","6,826,721","3,029,891",0.62,117.9,35.4,30,37.3,1.65,79.4,78,80.8,5.3,5.8,4.7
Bahrain,BH,2022,"1,540,558","928,907","611,651",0.88,"2,027.00",33.2,30.7,34.6,1.67,79.9,77.6,82.2,10.2,12,8.4
Kuwait,KW,2022,"3,068,155","1,775,823","1,292,332",1.17,172.2,30,28.4,30.9,2.24,79.1,77.7,80.7,7.4,7.8,7.1
Oman,OM,2022,"3,764,348","2,027,380","1,736,968",1.84,12.2,26.8,25.7,27.7,2.7,76.9,75,78.9,14.5,15.7,13.1
Qatar,QA,2022,"2,508,182","1,932,701","575,481",1.04,216.5,34.1,28.1,35.4,1.9,79.8,77.7,82,6.6,7.3,6
Saudi Arabia,SA,2022,"35,354,380","20,010,572","15,343,808",1.63,16.4,31.6,28.6,33.8,1.92,76.7,75.1,78.3,12.3,13.5,11
United Arab Emirates,AE,2022,"9,915,803","6,822,998","3,092,805",0.58,118.6,35.6,29.9,37.6,1.64,79.6,78.2,81,5.1,5.7,4.5
Bahrain,BH,2023,"1,553,886","934,567","619,319",0.85,"2,044.60",33.3,31,34.6,1.66,80.1,77.9,82.5,10,11.7,8.3
Kuwait,KW,2023,"3,103,580","1,793,401","1,310,179",1.13,174.2,30.1,28.6,31,2.22,79.4,77.9,80.9,7.3,7.6,7
Oman,OM,2023,"3,833,465","2,061,873","1,771,592",1.8,12.4,27.1,26,27.9,2.67,77.2,75.2,79.2,14.2,15.4,12.9
Qatar,QA,2023,"2,532,104","1,948,591","583,513",0.86,218.5,34.2,28.1,35.5,1.9,80,77.9,82.2,6.5,7.1,5.9
Saudi Arabia,SA,2023,"35,939,806","20,349,411","15,590,395",1.65,16.7,32,29,34.2,1.89,76.9,75.3,78.6,12,13.2,10.7
United Arab Emirates,AE,2023,"9,973,449","6,821,526","3,151,923",0.58,119.3,35.7,29.9,37.9,1.62,79.8,78.4,81.2,5.1,5.6,4.5
Bahrain,BH,2024,"1,566,888","940,022","626,866",0.82,"2,061.70",33.4,31.2,34.6,1.65,80.4,78.1,82.7,9.7,11.3,8
Kuwait,KW,2024,"3,138,355","1,810,542","1,327,813",1.1,176.1,30.3,28.9,31.1,2.21,79.6,78.1,81.1,7.2,7.4,6.9
Oman,OM,2024,"3,901,992","2,096,126","1,805,866",1.75,12.6,27.3,26.3,28.1,2.64,77.4,75.5,79.4,13.9,15.1,12.6
Qatar,QA,2024,"2,552,088","1,961,135","590,953",0.71,220.3,34.3,28.1,35.7,1.9,80.3,78.2,82.4,6.4,7,5.8
Saudi Arabia,SA,2024,"36,544,431","20,700,838","15,843,593",1.68,17,32.4,29.3,34.6,1.87,77.2,75.6,78.8,11.7,12.8,10.5
United Arab Emirates,AE,2024,"10,032,213","6,824,131","3,208,082",0.6,120,35.8,29.8,38.1,1.61,79.9,78.6,81.4,5,5.5,4.4
